-- phpMyAdmin SQL Dump
-- version 3.4.11.1deb1
-- http://www.phpmyadmin.net
--
-- Host: localhost
-- Generation Time: Mar 28, 2013 at 08:16 PM
-- Server version: 5.5.29
-- PHP Version: 5.4.6-1ubuntu1.1

SET FOREIGN_KEY_CHECKS=0;
SET SQL_MODE="NO_AUTO_VALUE_ON_ZERO";
SET time_zone = "+00:00";


/*!40101 SET @OLD_CHARACTER_SET_CLIENT=@@CHARACTER_SET_CLIENT */;
/*!40101 SET @OLD_CHARACTER_SET_RESULTS=@@CHARACTER_SET_RESULTS */;
/*!40101 SET @OLD_COLLATION_CONNECTION=@@COLLATION_CONNECTION */;
/*!40101 SET NAMES utf8 */;

--
-- Database: `test`
--

--
-- Dumping data for table `AUTHCONFIGS`
--

INSERT INTO `AUTHCONFIGS` (`id`, `created`, `credential`, `resource`, `lastUpdated`, `password`, `systemDefault`, `loginCredentialType`, `username`, `authenticationSystemId`) VALUES
(2764, '2013-03-28 12:55:45', '', NULL, '2013-03-28 12:55:45', '27N9kulxWDaSfxbT8hfUcRXCC4mdQymi', b'1', 'PASSWORD', 'iplant', NULL),
(2765, '2013-03-28 12:55:43', 'sadasdfasdfasdfasdfasdfa', NULL, '2013-03-28 12:55:43', 'E9kEx7t2dbdIMrorX2GDN6WZGU/kLnFn', b'1', 'TOKEN', 'iplant', 2029),
(2766, '2013-03-28 12:55:45', '', NULL, '2013-03-28 12:55:45', 'nHyGrApO3MDy6pgaXwmR1tPOoizWlGxb', b'1', 'X509', 'username', 2030),
(2767, '2013-03-28 12:55:45', '', NULL, '2013-03-28 12:55:45', 'id2EfBQekB/qsFzKUw7Uzgkij2J0k8mD', b'1', 'X509', 'username', 2031),
(2768, '2013-03-28 12:55:45', '', NULL, '2013-03-28 12:55:45', '0UfocM0d3GeGvhIVR/MI7dTkuGc//gYN', b'1', 'X509', 'iplant', 2032),
(2769, '2013-03-28 12:55:45', '', NULL, '2013-03-28 12:55:45', 'f59ITBQhFOAeqd41imMjOsbn5mP6PsyZ', b'1', 'X509', 'iplant', 2033),
(2770, '2013-03-28 12:55:45', '', NULL, '2013-03-28 12:55:45', 'z7oLnTwoXws7M8/2dAZB9WnrIm8PIU+F', b'1', 'X509', 'iplant', 2034),
(2771, '2013-03-28 12:55:45', '', NULL, '2013-03-28 12:55:45', 'ZYhg8+RC72HcbHXcYp086l89+Cul80z1', b'1', 'X509', 'iplant', 2035),
(2772, '2013-03-28 12:55:46', NULL, NULL, '2013-03-28 12:55:46', NULL, b'1', 'LOCAL', NULL, NULL),
(2773, '2013-03-28 12:55:46', NULL, NULL, '2013-03-28 12:55:46', NULL, b'1', 'LOCAL', NULL, NULL),
(2774, '2013-03-28 12:55:46', '', NULL, '2013-03-28 12:55:46', 'D7N50b3Sg3h565i6D6qb/BVGtuVEF4EA', b'1', 'X509', 'iplant', 2036),
(2775, '2013-03-28 12:55:46', '', NULL, '2013-03-28 12:55:46', 'u8Cx73UIlckTYwA/UMNjxqbsznD91UsB', b'1', 'X509', 'iplant', 2037),
(2776, '2013-03-28 12:55:46', '', NULL, '2013-03-28 12:55:46', 'CfpzEGgULLvPhQU1tqW8pWXFttPg9F7F', b'1', 'PASSWORD', 'iplant', NULL),
(2777, '2013-03-28 12:55:46', '', NULL, '2013-03-28 12:55:46', 'zzXT3nFMtZ2SdeyUWssXHMze8ZWK6BL6', b'1', 'PASSWORD', 'iplant', NULL),
(2778, '2013-03-28 12:55:46', '', NULL, '2013-03-28 12:55:46', 'l4Gj20aSsRMEPvLWSujeGJ1H7BRHV6Ih', b'1', 'X509', 'iplant', 2038),
(2779, '2013-03-28 12:55:46', NULL, NULL, '2013-03-28 12:55:46', '4No5R5Zjmav8T/bCRxdFerM9NLfK8YxK', b'1', 'X509', 'iplant', 2039),
(2780, '2013-03-28 12:55:46', '', NULL, '2013-03-28 12:55:46', 'Io9c/+D2DD1k5plDHJYD7pooksxV0AeF', b'1', 'X509', 'iplant', 2040),
(2781, '2013-03-28 12:55:46', NULL, NULL, '2013-03-28 12:55:46', '0J6JBh19mSGc2YhsLZ5qnBC7tjzetGS/', b'1', 'X509', 'iplant', 2041),
(2782, '2013-03-28 12:55:47', '', NULL, '2013-03-28 12:55:47', 'dWMmLoCRSJC6vTAm0dJ3neKfdHmXTiaG', b'1', 'X509', 'iplant', 2042),
(2783, '2013-03-28 12:55:47', '', NULL, '2013-03-28 12:55:47', '042KnPvitNx0++ZtCMIoyipJKz13kuSl', b'1', 'X509', 'iplant', 2043),
(2784, '2013-03-28 12:55:48', NULL, NULL, '2013-03-28 12:55:48', 'Y3yFxTM7VjOzIcSuexi05r3zEAKVDeUu', b'1', 'PASSWORD', 'ipcservices', NULL),
(2785, '2013-03-28 12:55:48', NULL, NULL, '2013-03-28 12:55:48', '3b+WJVpI8yVW+MjPvdW10sAFQzCu+/TX', b'1', 'PASSWORD', 'username', NULL),
(2786, '2013-03-28 12:55:48', '', NULL, '2013-03-28 12:55:48', 'gex9km0yeeUjXbD9CjEJdY7cyhcO1tXq', b'1', 'X509', 'iplant', 2044),
(2787, '2013-03-28 12:55:48', NULL, NULL, '2013-03-28 12:55:48', 'Ql/4jw+82GeNCVELnYf/sA==', b'1', 'PASSWORD', 'ipcservices', NULL),
(2788, '2013-03-28 12:55:48', NULL, NULL, '2013-03-28 12:55:48', NULL, b'1', 'LOCAL', NULL, NULL),
(2789, '2013-03-28 12:55:48', '', NULL, '2013-03-28 12:55:48', 'Btwyt/xDQlgw7S8LVjMzn+FDKPGxk2yU', b'1', 'X509', 'iplant', 2045),
(2790, '2013-03-28 12:55:48', NULL, NULL, '2013-03-28 12:55:48', 'ymwIeockQlTjXOUqkcB2t9+oHlNycx9i', b'1', 'PASSWORD', 'iplant', NULL),
(2791, '2013-03-28 12:55:49', '', NULL, '2013-03-28 12:55:49', 'm/dPrinAouVUaVkFoXay2x1k4fQcBpgP', b'1', 'X509', 'username', 2046);

--
-- Dumping data for table `BATCHQUEUES`
--

INSERT INTO `BATCHQUEUES` (`id`, `created`, `customDirectives`, `lastUpdated`, `maxJobs`, `maxMemory`, `name`, `systemDefault`, `executionSystemId`) VALUES
(971, '2013-03-28 12:55:45', NULL, '2013-03-28 12:55:45', 100, 2048, 'normal', b'1', NULL),
(972, '2013-03-28 12:55:45', NULL, '2013-03-28 12:55:45', 100, 2048, 'testqueue', b'0', NULL),
(973, '2013-03-28 12:55:45', NULL, '2013-03-28 12:55:45', 100, 2048, 'normal', b'1', NULL),
(974, '2013-03-28 12:55:45', NULL, '2013-03-28 12:55:45', 100, 2048, 'normal', b'1', NULL),
(975, '2013-03-28 12:55:46', NULL, '2013-03-28 12:55:46', 100, 2048, 'normal', b'1', NULL),
(976, '2013-03-28 12:55:46', NULL, '2013-03-28 12:55:46', 100, 2048, 'normal', b'1', NULL),
(977, '2013-03-28 12:55:46', NULL, '2013-03-28 12:55:46', 100, 2048, 'normal', b'1', NULL),
(978, '2013-03-28 12:55:47', NULL, '2013-03-28 12:55:47', 100, 2048, 'default', b'1', NULL),
(979, '2013-03-28 12:55:47', NULL, '2013-03-28 12:55:47', 100, 2048, 'normal', b'1', NULL);

--
-- Dumping data for table `CREDENTIALSERVERS`
--

INSERT INTO `CREDENTIALSERVERS` (`id`, `created`, `endpoint`, `lastUpdated`, `name`, `port`, `protocol`) VALUES
(2029, '2013-03-28 12:55:43', 'myproxy.teragrid.org', '2013-03-28 12:55:45', 'XSEDE OA4MP Server', 7512, 'OAUTH2'),
(2030, '2013-03-28 12:55:45', 'myproxy.my.example.com', '2013-03-28 12:55:45', 'My Example Auth System', 22, 'MYPROXY'),
(2031, '2013-03-28 12:55:45', 'myproxy.my.example.com', '2013-03-28 12:55:45', 'My Example Auth System', 22, 'MYPROXY'),
(2032, '2013-03-28 12:55:45', 'myproxy.teragrid.org', '2013-03-28 12:55:45', 'XSEDE MyProxy Server', 7512, 'MYPROXY'),
(2033, '2013-03-28 12:55:45', 'myproxy.teragrid.org', '2013-03-28 12:55:45', 'XSEDE MyProxy Server', 7512, 'MYPROXY'),
(2034, '2013-03-28 12:55:45', 'myproxy.teragrid.org', '2013-03-28 12:55:45', 'XSEDE MyProxy Server', 7512, 'MYPROXY'),
(2035, '2013-03-28 12:55:45', 'myproxy.teragrid.org', '2013-03-28 12:55:45', 'XSEDE MyProxy Server', 7512, 'MYPROXY'),
(2036, '2013-03-28 12:55:46', 'myproxy.teragrid.org', '2013-03-28 12:55:46', 'XSEDE MyProxy Server', 7512, 'MYPROXY'),
(2037, '2013-03-28 12:55:46', 'myproxy.teragrid.org', '2013-03-28 12:55:46', 'XSEDE MyProxy Server', 7512, 'MYPROXY'),
(2038, '2013-03-28 12:55:46', 'myproxy.teragrid.org', '2013-03-28 12:55:46', 'XSEDE MyProxy Server', 7512, 'MYPROXY'),
(2039, '2013-03-28 12:55:46', 'myproxy.teragrid.org', '2013-03-28 12:55:46', 'XSEDE MyProxy Server', 7512, 'MYPROXY'),
(2040, '2013-03-28 12:55:46', 'myproxy.teragrid.org', '2013-03-28 12:55:47', 'XSEDE MyProxy Server', 7512, 'MYPROXY'),
(2041, '2013-03-28 12:55:46', 'myproxy.teragrid.org', '2013-03-28 12:55:47', 'XSEDE MyProxy Server', 7512, 'MYPROXY'),
(2042, '2013-03-28 12:55:47', 'myproxy.teragrid.org', '2013-03-28 12:55:47', 'XSEDE MyProxy Server', 7512, 'MYPROXY'),
(2043, '2013-03-28 12:55:47', 'myproxy.teragrid.org', '2013-03-28 12:55:47', 'XSEDE MyProxy Server', 7512, 'MYPROXY'),
(2044, '2013-03-28 12:55:48', 'myproxy.teragrid.org', '2013-03-28 12:55:48', 'XSEDE MyProxy Server', 7512, 'MYPROXY'),
(2045, '2013-03-28 12:55:48', 'myproxy.teragrid.org', '2013-03-28 12:55:48', 'XSEDE MyProxy Server', 7512, 'MYPROXY'),
(2046, '2013-03-28 12:55:49', 'myproxy.my.example.com', '2013-03-28 12:55:49', 'My Example Auth System', 22, 'MYPROXY');

--
-- Dumping data for table `EXECUTIONSYSTEMS`
--

INSERT INTO `EXECUTIONSYSTEMS` (`environment`, `exeuctionType`, `schedulerType`, `scratchDir`, `startupScript`, `type`, `workDir`, `id`, `loginConfig_id`) VALUES
(NULL, 'CONDOR', 'CONDOR', '', './bashrc', 'EXECUTION', '', 1820, 1257),
(NULL, 'HPC', 'SGE', '', './bashrc', 'EXECUTION', '', 1821, 1258),
(NULL, 'CONDOR', 'CONDOR', '', './bashrc', 'EXECUTION', '', 1822, 1259),
(NULL, 'HPC', 'CONDOR', '', './bashrc', 'EXECUTION', '', 1823, 1260),
(NULL, 'HPC', 'SGE', '', './bashrc', 'EXECUTION', '', 1824, 1261),
(NULL, 'HPC', 'SGE', '', './bashrc', 'EXECUTION', '', 1825, 1262),
(NULL, 'HPC', 'SGE', '', './bashrc', 'EXECUTION', '', 1826, 1263),
(NULL, 'HPC', 'SGE', '', './bashrc', 'EXECUTION', '', 1827, 1264),
(NULL, 'HPC', 'SGE', '', './bashrc', 'EXECUTION', '', 1828, 1265),
(NULL, 'HPC', 'SLURM', '', './bashrc', 'EXECUTION', '', 1829, 1266),
(NULL, 'HPC', 'PBS', '', './bashrc', 'EXECUTION', '', 1830, 1267),
(NULL, 'HPC', 'SGE', '', './bashrc', 'EXECUTION', '', 1831, 1268);

--
-- Dumping data for table `EXECUTIONSYSTEMS_BATCHQUEUES`
--

INSERT INTO `EXECUTIONSYSTEMS_BATCHQUEUES` (`EXECUTIONSYSTEMS_id`, `queues_id`) VALUES
(1821, 971),
(1823, 972),
(1824, 973),
(1825, 974),
(1827, 975),
(1828, 976),
(1829, 977),
(1830, 978),
(1831, 979);

--
-- Dumping data for table `Jobs`
--

INSERT INTO `Jobs` (`id`, `name`, `owner`, `internalUser`, `system`, `softwareName`, `processorCount`, `requestedTime`, `memoryRequest`, `callbackUrl`, `outputPath`, `archiveOutput`, `archivePath`, `workPath`, `status`, `updateToken`, `inputs`, `parameters`, `localId`, `schedulerJobId`, `charge`, `startTime`, `submitTime`, `endTime`, `errorMessage`, `lastUpdated`, `created`, `visible`, `archiveSystem`) VALUES
(58, 'test-job', 'sterry1', 'sterry1', 'condor.opensciencegrid.org', 'wc-1.00', 1, '1:00', 512, NULL, NULL, b'1', '/sterry1/jobs/condor', NULL, 'RUNNING', '7d7e5472e5159d726d905b4c06009c2f', '{"query1":""}', '{}', '7', NULL, NULL, '2013-03-28 12:56:09', '2013-03-28 12:56:08', NULL, NULL, '2013-03-28 12:56:05', '2013-03-28 12:55:49', b'1', 1832);

--
-- Dumping data for table `LOGINCONFIGS`
--

INSERT INTO `LOGINCONFIGS` (`id`, `created`, `host`, `lastUpdated`, `port`, `protocol`) VALUES
(1257, '2013-03-28 12:55:43', 'localhost', '2013-03-28 12:55:43', 22, 'LOCAL'),
(1258, '2013-03-28 12:55:43', 'login1.ls4.tacc.utexas.edu', '2013-03-28 12:55:45', 22, 'API'),
(1259, '2013-03-28 12:55:45', 'localhost', '2013-03-28 12:55:45', 22, 'LOCAL'),
(1260, '2013-03-28 12:55:45', 'login.example.com', '2013-03-28 12:55:45', 22, 'GSISSH'),
(1261, '2013-03-28 12:55:45', 'gridftp1.ls4.tacc.utexas.edu', '2013-03-28 12:55:45', 2119, 'GRAM'),
(1262, '2013-03-28 12:55:45', 'login1.ls4.tacc.utexas.edu', '2013-03-28 12:55:45', 22, 'GSISSH'),
(1263, '2013-03-28 12:55:46', 'login1.ls4.tacc.utexas.edu', '2013-03-28 12:55:46', 22, 'LOCAL'),
(1264, '2013-03-28 12:55:46', 'login1.ls4.tacc.utexas.edu', '2013-03-28 12:55:46', 22, 'GSISSH'),
(1265, '2013-03-28 12:55:46', 'login1.ls4.tacc.utexas.edu', '2013-03-28 12:55:46', 22, 'SSH'),
(1266, '2013-03-28 12:55:46', 'stampede.tacc.utexas.edu', '2013-03-28 12:55:46', 2222, 'GSISSH'),
(1267, '2013-03-28 12:55:46', 'trestles.sdsc.edu', '2013-03-28 12:55:47', 22, 'GSISSH'),
(1268, '2013-03-28 12:55:47', 'alamo.tacc.utexas.edu', '2013-03-28 12:55:47', 8080, 'UNICORE');

--
-- Dumping data for table `LOGINCONFIGS_AUTHCONFIGS`
--

INSERT INTO `LOGINCONFIGS_AUTHCONFIGS` (`LOGINCONFIGS_id`, `authConfigs_id`) VALUES
(1258, 2765),
(1260, 2767),
(1261, 2769),
(1262, 2771),
(1263, 2773),
(1264, 2775),
(1265, 2777),
(1266, 2779),
(1267, 2781),
(1268, 2783);

--
-- Dumping data for table `SoftwareInputs`
--

INSERT INTO `SoftwareInputs` (`id`, `outputKey`, `minCardinality`, `label`, `description`, `fileTypes`, `ontology`, `validator`, `visible`, `lastUpdated`, `created`, `defaultValue`, `required`, `softwareId`) VALUES
(355, 'query1', 1, 'File to count words in: ', '', 'text-0', 'http://sswapmeet.sswap.info/util/TextDocument', '', b'1', '2013-03-28 12:55:47', '2013-03-28 12:55:47', '', b'0', 355),
(356, 'inputfile', 1, 'Target File', 'Select an input file', 'TEXT-0', '0', '', b'1', '2013-03-28 12:55:48', '2013-03-28 12:55:48', '/dooley/raxml.json', b'0', 356),
(357, 'inputfile', 1, 'Target File', 'Select an input file', 'TEXT-0', '0', '', b'1', '2013-03-28 12:55:48', '2013-03-28 12:55:48', '/dooley/raxml.json', b'0', 357),
(358, 'inputfile', 1, 'Target File', 'Select an input file', 'TEXT-0', '0', '', b'1', '2013-03-28 12:55:48', '2013-03-28 12:55:48', '/dooley/raxml.json', b'0', 358),
(359, 'inputSeqs', 1, 'Sequences: ', 'Sequence file in multiple fasta format', 'fasta-0', 'http://sswapmeet.sswap.info/sequence/FASTA', '', b'1', '2013-03-28 12:55:48', '2013-03-28 12:55:48', '', b'1', 359);

--
-- Dumping data for table `SoftwareOutputs`
--

INSERT INTO `SoftwareOutputs` (`id`, `outputKey`, `fileType`, `label`, `description`, `ontology`, `minCardinality`, `maxCardinality`, `pattern`, `defaultValue`, `created`, `lastUpdated`, `softwareId`) VALUES
(355, 'outputWC', NULL, 'Text file', 'Results of WC', 'http://sswapmeet.sswap.info/util/TextDocument', 1, 1, '', 'wc_out.txt', '2013-03-28 12:55:47', '2013-03-28 12:55:47', 355),
(356, 'outputtextfile', '', '', '', 'http://sswapmeet.sswap.info/util/TextDocument', 1, 1, '*.txt', 'null', '2013-03-28 12:55:48', '2013-03-28 12:55:48', 356),
(357, 'outputtextfile', '', '', '', 'http://sswapmeet.sswap.info/util/TextDocument', 1, 1, '*.txt', 'null', '2013-03-28 12:55:48', '2013-03-28 12:55:48', 357),
(358, 'outputtextfile', '', '', '', 'http://sswapmeet.sswap.info/util/TextDocument', 1, 1, '*.txt', 'null', '2013-03-28 12:55:48', '2013-03-28 12:55:48', 358),
(359, 'outputName', NULL, 'MSA file', 'Multiple sequence alignment file', 'http://sswapmeet.sswap.info/sequence/Sequences', 1, 1, '', 'alignment.fas', '2013-03-28 12:55:48', '2013-03-28 12:55:48', 359);

--
-- Dumping data for table `SoftwareParameters`
--

INSERT INTO `SoftwareParameters` (`id`, `outputKey`, `defaultValue`, `valueType`, `label`, `ontology`, `description`, `validator`, `visible`, `created`, `lastUpdated`, `required`, `softwareId`) VALUES
(563, 'numberoflines', '10', 'number', 'Extract the first k lines', 'xs:integer', 'Equivalent to -n command flag', '[0-9]+', b'1', '2013-03-28 12:55:48', '2013-03-28 12:55:48', b'0', 356),
(564, 'numberofbytes', '', 'number', 'Extract the first k bytes', 'xs:string', 'Equivalent to --countbytes command flag. Can be specified alone or in combination with number of lines. A value of 0 indicates that no byte-wise filtering is to take place.', '[0-9]+(b|kB|MB|M|GB|G)?', b'1', '2013-03-28 12:55:48', '2013-03-28 12:55:48', b'0', 356),
(565, 'numberofbytes', '', 'number', 'Extract the first k bytes', 'xs:string', 'Equivalent to --countbytes command flag. Can be specified alone or in combination with number of lines. A value of 0 indicates that no byte-wise filtering is to take place.', '[0-9]+(b|kB|MB|M|GB|G)?', b'1', '2013-03-28 12:55:48', '2013-03-28 12:55:48', b'0', 357),
(566, 'numberoflines', '10', 'number', 'Extract the first k lines', 'xs:integer', 'Equivalent to -n command flag', '[0-9]+', b'1', '2013-03-28 12:55:48', '2013-03-28 12:55:48', b'0', 357),
(567, 'numberoflines', '10', 'number', 'Extract the first k lines', 'xs:integer', 'Equivalent to -n command flag', '[0-9]+', b'1', '2013-03-28 12:55:48', '2013-03-28 12:55:48', b'0', 358),
(568, 'numberofbytes', '', 'number', 'Extract the first k bytes', 'xs:string', 'Equivalent to --countbytes command flag. Can be specified alone or in combination with number of lines. A value of 0 indicates that no byte-wise filtering is to take place.', '[0-9]+(b|kB|MB|M|GB|G)?', b'1', '2013-03-28 12:55:48', '2013-03-28 12:55:48', b'0', 358),
(569, 'mode', 'auto', 'string', 'Sequence type: ', 'xs:string', 'Specify if the sequence is amino acids or nucleotides.', '{auto|protein|nucleo}', b'1', '2013-03-28 12:55:48', '2013-03-28 12:55:48', b'1', 359),
(570, 'outputFormat', 'fasta', 'string', 'Output format: ', 'xs:string', 'Specify if the multiple sequence alignment format.', '{fasta|phyi|phys|clw|msf}', b'1', '2013-03-28 12:55:48', '2013-03-28 12:55:48', b'1', 359);

--
-- Dumping data for table `Softwares`
--

INSERT INTO `Softwares` (`id`, `name`, `parallelism`, `version`, `owner`, `helpURI`, `label`, `shortDescription`, `longDescription`, `tags`, `ontology`, `executionType`, `deploymentPath`, `executablePath`, `testPath`, `checkpointable`, `modules`, `available`, `publiclyAvailable`, `checksum`, `revisionCount`, `created`, `lastUpdated`, `executionHost`) VALUES
(355, 'wc', 'SERIAL', '1.00', 'sterry1', 'http://www.gnu.org/s/coreutils/manual/html_node/wc-invocation.html', 'wc condor', 'Count words in a file', '', 'textutils,gnu', 'http://sswapmeet.sswap.info/algorithms/wc', 'CONDOR', '/sterry1/applications/wc-1.00', 'wc-1.00/wrapper.sh', 'library/test.sh', b'1', 'purge,load TACC', b'1', b'1', NULL, 1, '2013-03-28 12:55:47', '2013-03-28 12:55:47', 1822),
(356, 'head-trestles', 'SERIAL', '5.97', 'sterry1', 'http://www.gnu.org/software/coreutils/manual/html_node/head-invocation.html#head-invocation', 'Head', 'Extract first lines or bytes from a file', 'This is an application you can use to inspect the beginning of a file.', 'file,coreutils,gnu', NULL, 'HPC', '/dooley/applications/head-5.97/', 'wrapper.template', 'test/test.sh', b'0', '', b'1', b'1', NULL, 1, '2013-03-28 12:55:48', '2013-03-28 12:55:48', 1827),
(357, 'head-trestles', 'SERIAL', '5.97', 'sterry1', 'http://www.gnu.org/software/coreutils/manual/html_node/head-invocation.html#head-invocation', 'Head', 'Extract first lines or bytes from a file', 'This is an application you can use to inspect the beginning of a file.', 'file,coreutils,gnu', NULL, 'HPC', '/dooley/applications/head-5.97/', 'wrapper.template', 'test/test.sh', b'0', '', b'1', b'1', NULL, 1, '2013-03-28 12:55:48', '2013-03-28 12:55:48', 1829),
(358, 'head-trestles', 'SERIAL', '5.97', 'sterry1', 'http://www.gnu.org/software/coreutils/manual/html_node/head-invocation.html#head-invocation', 'Head', 'Extract first lines or bytes from a file', 'This is an application you can use to inspect the beginning of a file.', 'file,coreutils,gnu', NULL, 'HPC', '/dooley/applications/head-5.97/', 'wrapper.template', 'test/test.sh', b'0', '', b'1', b'1', NULL, 1, '2013-03-28 12:55:48', '2013-03-28 12:55:48', 1830),
(359, 'muscle-lonestar', 'SERIAL', '1.1', 'sterry1', 'https://pods.iplantcollaborative.org/wiki/display/DEapps/MUSCLE', 'muscle-ranger', 'MUSCLE: Multiple sequence comparison by log-expectation', '', 'aligner,phylogenetics,nucleotides,proteins', 'http://sswapmeet.sswap.info/sequenceServices/MultipleSequenceAlignment', 'HPC', '/nmatasci/applications/muscle-1.1/r', 'wrapper.sh', 'lib/test.sh', b'0', 'purge,load TACC', b'1', b'0', NULL, 1, '2013-03-28 12:55:48', '2013-03-28 12:55:48', 1827);

--
-- Dumping data for table `STORAGECONFIGS`
--

INSERT INTO `STORAGECONFIGS` (`id`, `created`, `host`, `lastUpdated`, `port`, `protocol`, `resource`, `rootDir`, `zone`) VALUES
(1820, '2013-03-28 12:55:43', 'localhost', '2013-03-28 12:55:43', 22, 'LOCAL', NULL, '/tmp', NULL),
(1821, '2013-03-28 12:55:45', 'login1.ls4.tacc.utexas.edu', '2013-03-28 12:55:45', 2811, 'SFTP', NULL, NULL, NULL),
(1822, '2013-03-28 12:55:45', 'localhost', '2013-03-28 12:55:45', 22, 'LOCAL', NULL, '/tmp', NULL),
(1823, '2013-03-28 12:55:45', 'login.example.com', '2013-03-28 12:55:45', 8211, 'GRIDFTP', NULL, NULL, NULL),
(1824, '2013-03-28 12:55:45', 'gridftp1.ls4.tacc.utexas.edu', '2013-03-28 12:55:45', 2811, 'GRIDFTP', NULL, NULL, NULL),
(1825, '2013-03-28 12:55:45', 'gridftp1.ls4.tacc.utexas.edu', '2013-03-28 12:55:45', 2811, 'GRIDFTP', NULL, NULL, NULL),
(1826, '2013-03-28 12:55:46', 'localhost', '2013-03-28 12:55:46', 22, 'LOCAL', NULL, NULL, NULL),
(1827, '2013-03-28 12:55:46', 'gridftp1.ls4.tacc.utexas.edu', '2013-03-28 12:55:46', 2811, 'GRIDFTP', NULL, NULL, NULL),
(1828, '2013-03-28 12:55:46', 'login1.ls4.tacc.utexas.edu', '2013-03-28 12:55:46', 2811, 'SFTP', NULL, NULL, NULL),
(1829, '2013-03-28 12:55:46', 'data1.stampede.tacc.utexas.edu', '2013-03-28 12:55:46', 2811, 'GRIDFTP', NULL, '/', NULL),
(1830, '2013-03-28 12:55:46', 'trestles-dm.sdsc.xsede.org', '2013-03-28 12:55:47', 2811, 'GRIDFTP', NULL, '/', NULL),
(1831, '2013-03-28 12:55:47', 'gridftp1.ls4.tacc.utexas.edu', '2013-03-28 12:55:47', 2811, 'GRIDFTP', NULL, NULL, NULL),
(1832, '2013-03-28 12:55:48', 'data.iplantcollaborative.org', '2013-03-28 12:55:49', 1247, 'IRODS', 'bitol', '/iplant/home', 'iplant'),
(1833, '2013-03-28 12:55:48', 'ftp.example.com', '2013-03-28 12:55:48', 21, 'FTP', NULL, NULL, NULL),
(1834, '2013-03-28 12:55:48', 'gridftp1.ranch.tacc.utexas.edu', '2013-03-28 12:55:48', 2811, 'GRIDFTP', NULL, NULL, NULL),
(1835, '2013-03-28 12:55:48', 'irods.corral.tacc.utexas.edu', '2013-03-28 12:55:48', 1247, 'IRODS', 'corral', '/tacc/home/ipcservices', 'tacc'),
(1836, '2013-03-28 12:55:48', 'localhost', '2013-03-28 12:55:48', 22, 'LOCAL', NULL, NULL, NULL),
(1837, '2013-03-28 12:55:48', 'gridftp1.ranch.tacc.utexas.edu', '2013-03-28 12:55:48', 2811, 'GRIDFTP', NULL, NULL, NULL),
(1838, '2013-03-28 12:55:48', 'iplant-dev.tacc.utexas.edu', '2013-03-28 12:55:48', 22, 'SFTP', NULL, '/tmp', NULL),
(1839, '2013-03-28 12:55:49', 'login.example.com', '2013-03-28 12:55:49', 8211, 'GRIDFTP', NULL, '/opt/iplant/', NULL);

--
-- Dumping data for table `STORAGECONFIGS_AUTHCONFIGS`
--

INSERT INTO `STORAGECONFIGS_AUTHCONFIGS` (`STORAGECONFIGS_id`, `authConfigs_id`) VALUES
(1821, 2764),
(1823, 2766),
(1824, 2768),
(1825, 2770),
(1826, 2772),
(1827, 2774),
(1828, 2776),
(1829, 2778),
(1830, 2780),
(1831, 2782),
(1832, 2784),
(1833, 2785),
(1834, 2786),
(1835, 2787),
(1836, 2788),
(1837, 2789),
(1838, 2790),
(1839, 2791);

--
-- Dumping data for table `STORAGESYSTEMS`
--

INSERT INTO `STORAGESYSTEMS` (`type`, `id`) VALUES
('STORAGE', 1832),
('STORAGE', 1833),
('STORAGE', 1834),
('STORAGE', 1835),
('STORAGE', 1836),
('STORAGE', 1837),
('STORAGE', 1838),
('STORAGE', 1839);

--
-- Dumping data for table `SYSTEMS`
--

INSERT INTO `SYSTEMS` (`id`, `available`, `created`, `description`, `globalDefault`, `lastUpdated`, `name`, `owner`, `publiclyAvailable`, `revision`, `site`, `status`, `systemId`, `type`, `storageConfig_id`) VALUES
(1820, b'1', '2013-03-28 12:55:42', 'Sample Condor system config', b'0', '2013-03-28 12:55:43', 'Open Science Grid', 'sterry1', b'0', 1, 'example.com', 'UP', 'condor.example.com', 'EXECUTION', 1820),
(1821, b'1', '2013-03-28 12:55:43', 'Sample api (oauth2) execution system.', b'0', '2013-03-28 12:55:45', 'API', 'sterry1', b'0', 1, 'tacc.xsede.org', 'UP', 'api.example.com', 'EXECUTION', 1821),
(1822, b'1', '2013-03-28 12:55:45', 'The Open Science Grid (OSG) advances science through open distributed computing. The OSG is a multi-disciplinary partnership to federate local, regional, community and national cyberinfrastructures to meet the needs of research and academic communities at all scales.', b'0', '2013-03-28 12:55:45', 'Open Science Grid', 'sterry1', b'0', 1, 'opensciencegrid.org', 'UP', 'condor.opensciencegrid.org', 'EXECUTION', 1822),
(1823, b'1', '2013-03-28 12:55:45', 'My example system used for testing', b'0', '2013-03-28 12:55:45', 'My Second Example System', 'sterry1', b'0', 1, 'my.site', 'UP', 'execute.example.com', 'EXECUTION', 1823),
(1824, b'1', '2013-03-28 12:55:45', 'Sample gram execution system.', b'0', '2013-03-28 12:55:45', 'GRAM', 'sterry1', b'0', 1, 'tacc.xsede.org', 'UP', 'gram.example.com', 'EXECUTION', 1824),
(1825, b'1', '2013-03-28 12:55:45', 'Sample gsissh execution system.', b'0', '2013-03-28 12:55:45', 'GSISSH', 'sterry1', b'0', 1, 'tacc.xsede.org', 'UP', 'gsissh.example.com', 'EXECUTION', 1825),
(1826, b'1', '2013-03-28 12:55:46', 'Sample local execution system.', b'0', '2013-03-28 12:55:46', 'API', 'sterry1', b'0', 1, 'tacc.xsede.org', 'UP', 'local.example.com', 'EXECUTION', 1826),
(1827, b'1', '2013-03-28 12:55:46', 'The TACC Dell Linux Cluster (Lonestar) is a powerful, multi-use cyberinfrastructure HPC and remote visualization resource.\\n\\nLonestar contains 22,656 cores within 1,888 Dell PowerEdgeM610 compute blades (nodes), 16 PowerEdge R610 compute-I/Oserver-nodes, and 2 PowerEdge M610 (3.3GHz) login nodes. Each compute node has 24GB of memory, and the login/development nodes have 16GB. The system storage includes a 1000TB parallel (SCRATCH) Lustre file system, and 276TB of local compute-node disk space (146GB/node). Lonestar also provides access to five large memory (1TB) nodes, and eight nodes containing two NVIDIA GPU''s, giving users access to high-throughput computing and remote visualization capabilities respectively.\\n\\nA QDR InfiniBand switch fabric interconnects the nodes (I/Oand compute) through a fat-tree topology, with a point-to-point bandwidth of 40GB/sec (unidirectional speed).\\n\\nCompute nodes have two processors, each a Xeon 5680 series 3.33GHz hex-core 
processor with a 12MB unified L3 cache. Peak performancefor the 12 cores is 160 GFLOPS. Eight GPU nodes contain two NVIDIA M2070 GPU''s contained in two Dell C6100 servers. The new Westmere microprocessor (basically similar to the Nehalem processor family, but using 32nm technology) has the following features: hex-core, shared L3 cache per socket, Integrated Memory Controller, larger L1 caches, Macro Ops Fusion, double-speed integer units, Advanced Smart Cache, and new SSE4.2 instructions. The memory system has 3 channels and uses 1333 MHz DIMMS.', b'0', '2013-03-28 12:55:46', 'TACC Lonestar', 'sterry1', b'0', 1, 'tacc.xsede.org', 'UP', 'lonestar4.tacc.teragrid.org', 'EXECUTION', 1827),
(1828, b'1', '2013-03-28 12:55:46', 'Sample ssh execution system.', b'0', '2013-03-28 12:55:46', 'SSH', 'sterry1', b'0', 1, 'tacc.xsede.org', 'UP', 'ssh.example.com', 'EXECUTION', 1828),
(1829, b'1', '2013-03-28 12:55:46', 'Stampede is intended primarily for parallel applications scalable to tens of thousands of cores.  Normal batch queues will enable users to run simulations up to 24 hours.  Jobs requiring run times and more cores than allowed by the normal queues will be run in a special queue after approval of TACC staff.  Serial and development queues will also be configured. In addition, users will be able to run jobs using thousands of the Intel Xeon Phi coprocessors via the same queues to support massively parallel workflows.', b'0', '2013-03-28 12:55:46', 'TACC Stampede', 'sterry1', b'0', 1, 'tacc.xsede.org', 'UP', 'stampede.tacc.utexas.edu', 'EXECUTION', 1829),
(1830, b'1', '2013-03-28 12:55:46', 'Trestles is intended for moderately scalable parallel applications with an emphasis on improving productivity for a broad spectrum of users. The scheduling environment will be structured to optimize job productivity by: 1) predominantly supporting jobs with core counts of 1,024 or less, 2) allowing long-running jobs of up to 2 weeks, 3) enabling user-settable job reservations, 4) supporting on-demand computing and 5) providing fast turnaround for development and interactive work. Trestles will also support science gateways by having the relevant middleware and common TeraGrid software installed at the outset. Trestles will be ideal for applications with fast local I/O requirements that can benefit from the flash memory available on each compute node.', b'0', '2013-03-28 12:55:47', 'Trestles', 'sterry1', b'0', 1, 'sdsc.teragrid.org', 'UP', 'trestles.sdsc.teragrid.org', 'EXECUTION', 1830),
(1831, b'1', '2013-03-28 12:55:47', 'Sample unicore execution system.', b'0', '2013-03-28 12:55:47', 'UNICORE', 'sterry1', b'0', 1, 'tacc.xsede.org', 'UP', 'unicore.example.com', 'EXECUTION', 1831),
(1832, b'1', '2013-03-28 12:55:48', 'The iPlant Data Store is where your data are stored. The Data Store is cloud-based and is the central repository from which data is accessed by all of iPlant''s technologies.', b'1', '2013-03-28 12:55:49', 'iPlant Data Store', 'sterry1', b'1', 1, 'iplantcollaborative.org', 'UP', 'data.iplantcollaborative.org', 'STORAGE', 1832),
(1833, b'1', '2013-03-28 12:55:48', 'Example storage sytem accessible via sftp.', b'0', '2013-03-28 12:55:48', 'FTP Example', 'sterry1', b'0', 1, 'example.com', 'UP', 'ftp.example.com', 'STORAGE', 1833),
(1834, b'1', '2013-03-28 12:55:48', 'Example gridftp system', b'0', '2013-03-28 12:55:48', 'GRIDFTP Example', 'sterry1', b'0', 1, 'example.com', 'UP', 'gridftp.example.com', 'STORAGE', 1834),
(1835, b'1', '2013-03-28 12:55:48', 'The TACC data repository known as Corral.', b'0', '2013-03-28 12:55:48', 'TACC Corral', 'sterry1', b'0', 1, 'tacc.utexas.edu', 'UP', 'irods.corral.tacc.utexas.edu', 'STORAGE', 1835),
(1836, b'1', '2013-03-28 12:55:48', 'Example storage system accessible via local file system.', b'0', '2013-03-28 12:55:48', 'Local Example', 'sterry1', b'0', 1, 'example.com', 'UP', 'local.storage.example.com', 'STORAGE', 1836),
(1837, b'1', '2013-03-28 12:55:48', 'TACC disk archival system.', b'0', '2013-03-28 12:55:48', 'Ranch', 'sterry1', b'0', 1, 'tacc.xsede.org', 'UP', 'ranch.tacc.utexas.edu', 'STORAGE', 1837),
(1838, b'1', '2013-03-28 12:55:48', 'Example storage sytem accessible via sftp.', b'0', '2013-03-28 12:55:48', 'SFTP Example', 'sterry1', b'0', 1, 'example.com', 'UP', 'sftp.example.com', 'STORAGE', 1838),
(1839, b'1', '2013-03-28 12:55:49', 'My example storage system used for testing', b'0', '2013-03-28 12:55:49', 'My Example Storage System', 'sterry1', b'0', 1, 'my.site', 'UP', 'storage.example.com', 'STORAGE', 1839);
SET FOREIGN_KEY_CHECKS=1;

/*!40101 SET CHARACTER_SET_CLIENT=@OLD_CHARACTER_SET_CLIENT */;
/*!40101 SET CHARACTER_SET_RESULTS=@OLD_CHARACTER_SET_RESULTS */;
/*!40101 SET COLLATION_CONNECTION=@OLD_COLLATION_CONNECTION */;
